[{"pk": 15, "model": "mainsite.schoolset", "fields": {}}, {"pk": 16, "model": "mainsite.pagecategory", "fields": {}}, {"pk": 10, "model": "mainsite.pagecategory", "fields": {}}, {"pk": 10, "model": "pages.page", "fields": {"status": 2, "_order": 4, "titles": "About", "description": "About", "parent": null, "title": "About", "in_footer": false, "short_url": null, "login_required": false, "site": 1, "keywords_string": "", "expiry_date": null, "publish_date": "2012-01-21 23:54:35", "content_model": "pagecategory", "in_navigation": true, "slug": "about"}}, {"pk": 12, "model": "pages.page", "fields": {"status": 2, "_order": 1, "titles": "About / How We Started", "description": "", "parent": 10, "title": "How We Started", "in_footer": false, "short_url": null, "login_required": false, "site": 1, "keywords_string": "", "expiry_date": null, "publish_date": "2012-01-21 23:49:12", "content_model": "richtextpage", "in_navigation": true, "slug": "about/how-we-started"}}, {"pk": 11, "model": "pages.page", "fields": {"status": 2, "_order": 0, "titles": "About / Who We Are", "description": "Our Purpose\nOur purpose is to promote the education of children in Kenya and Canada through the support of projects designed to improve the quality of education environments in Kenyan public schools.", "parent": 10, "title": "Who We Are", "in_footer": false, "short_url": null, "login_required": false, "site": 1, "keywords_string": "", "expiry_date": null, "publish_date": "2012-01-21 23:48:53", "content_model": "richtextpage", "in_navigation": true, "slug": "about/who-we-are"}}, {"pk": 2, "model": "pages.page", "fields": {"status": 2, "_order": 3, "titles": "Blog", "description": "The latest news on global sanitation, education, and what's going on at Connecting Countries Adopt-A-School.", "parent": null, "title": "Blog", "in_footer": true, "short_url": null, "login_required": false, "site": 1, "keywords_string": "", "expiry_date": null, "publish_date": "2012-02-07 19:14:43", "content_model": "richtextpage", "in_navigation": true, "slug": "blog"}}, {"pk": 3, "model": "pages.page", "fields": {"status": 2, "_order": 5, "titles": "Contact", "description": "Phone: (905) 529-9799", "parent": null, "title": "Contact", "in_footer": true, "short_url": null, "login_required": false, "site": 1, "keywords_string": "", "expiry_date": null, "publish_date": "2012-01-19 01:27:06", "content_model": "form", "in_navigation": true, "slug": "contact"}}, {"pk": 16, "model": "pages.page", "fields": {"status": 2, "_order": 2, "titles": "Donate", "description": "Donate", "parent": null, "title": "Donate", "in_footer": false, "short_url": null, "login_required": false, "site": 1, "keywords_string": "", "expiry_date": null, "publish_date": "2012-02-06 21:29:31", "content_model": "pagecategory", "in_navigation": false, "slug": "donate"}}, {"pk": 17, "model": "pages.page", "fields": {"status": 2, "_order": 0, "titles": "Donate / Donation Shop", "description": "f", "parent": 16, "title": "Donation Shop", "in_footer": false, "short_url": null, "login_required": false, "site": 1, "keywords_string": "", "expiry_date": null, "publish_date": "2012-02-06 21:28:02", "content_model": "richtextpage", "in_navigation": true, "slug": "donate/donation-shop"}}, {"pk": 18, "model": "pages.page", "fields": {"status": 2, "_order": 0, "titles": "Donate / Donation Shop / Latrine Building", "description": "k", "parent": 17, "title": "Latrine Building", "in_footer": false, "short_url": null, "login_required": false, "site": 1, "keywords_string": "", "expiry_date": null, "publish_date": "2012-02-06 22:48:32", "content_model": "category", "in_navigation": true, "slug": "donate/donation-shop/latrine-building"}}, {"pk": 9, "model": "pages.page", "fields": {"status": 2, "_order": 1, "titles": "Partners", "description": "f", "parent": null, "title": "Partners", "in_footer": false, "short_url": null, "login_required": false, "site": 1, "keywords_string": "", "expiry_date": null, "publish_date": "2012-01-20 21:34:54", "content_model": "richtextpage", "in_navigation": true, "slug": "partners"}}, {"pk": 8, "model": "pages.page", "fields": {"status": 2, "_order": 0, "titles": "What We Do", "description": "f", "parent": null, "title": "What We Do", "in_footer": false, "short_url": null, "login_required": false, "site": 1, "keywords_string": "", "expiry_date": null, "publish_date": "2012-01-20 21:34:03", "content_model": "richtextpage", "in_navigation": true, "slug": "what-we-do"}}, {"pk": 15, "model": "pages.page", "fields": {"status": 2, "_order": 0, "titles": "What We Do / Schools", "description": "Schools", "parent": 8, "title": "Schools", "in_footer": false, "short_url": null, "login_required": false, "site": 1, "keywords_string": "", "expiry_date": null, "publish_date": "2012-02-01 14:54:10", "content_model": "schoolset", "in_navigation": true, "slug": "what-we-do/schools"}}, {"pk": 8, "model": "pages.richtextpage", "fields": {"content": "<p>f</p>"}}, {"pk": 11, "model": "pages.richtextpage", "fields": {"content": "<h3>Our Purpose</h3>\n<p>Our purpose is to promote the education of children in Kenya and Canada through the support of projects designed to improve the quality of education environments in Kenyan public schools.</p>\n<p>The education environments include:</p>\n<ul>\n<li><a href=\"http://connectingcountries.net/?p=117#more-117\">Health, safety and emotional well-being of students</a></li>\n<li><a href=\"http://connectingcountries.net/?p=115#more-115\">Physical facilities of the schools (latrines, classroom floors, etc.)</a></li>\n<li><a href=\"http://connectingcountries.net/?cat=4\">Curricular/instructional (supporting expectations and/or augmenting instructional supplies)</a></li>\n</ul>\n<p>Though the benefits to children in Kenya may seem more tangible and immediate, both sets of students learn about life from their peers in a very different part of the world, make personal connections with them, and realize that they can make a difference in the lives of others.</p>\n<p>In December 2008,&nbsp;Connecting&nbsp;Countries&nbsp;became a&nbsp;registered Canadian Charitable Foundation doing charitable work in Kenyan schools.</p>\n<p><strong>Charitable reg. #859053019 RR0001</strong></p>"}}, {"pk": 17, "model": "pages.richtextpage", "fields": {"content": "<p>f</p>"}}, {"pk": 9, "model": "pages.richtextpage", "fields": {"content": "<p>f</p>"}}, {"pk": 12, "model": "pages.richtextpage", "fields": {"content": "<p><object width=\"100%\" height=\"360\" data=\"http://www.youtube.com/v/Vdt-o7_6a88?version=3&amp;feature=player_detailpage\" type=\"application/x-shockwave-flash\"><param name=\"allowFullScreen\" value=\"true\" /><param name=\"allowScriptAccess\" value=\"always\" /><param name=\"src\" value=\"http://www.youtube.com/v/Vdt-o7_6a88?version=3&amp;feature=player_detailpage\" /><param name=\"allowfullscreen\" value=\"true\" /><param name=\"allowscriptaccess\" value=\"always\" /></object></p>\n<p>A chance meeting at Pearson International Airport between an elite Kenyan runner and a Hamilton middle school teacher led to a school presentation outlining what it is like being a primary school student in a rural area of Kenya known as <a href=\"http://connectingcountries.net/?p=159\">Ol Joro Orok</a>.</p>\n<p>Two students in the audience became so emotionally upset and angry with the school's sanitary conditions they heard about that they decided to mobilize their entire school to initiate change. That effort became the project known as <strong>Road Race to Kenyan Relief</strong>. Quite unexpectedly, their actions set into motion a chain of events. Over the next few years their passionate notion of &ldquo;giving back&rdquo; developed into a registered&nbsp;Canadian charitable foundation known today as <strong>Connecting Countries Adopt-a-School</strong>.</p>\n<p>Though more refined and defined today, the founding students&rsquo; original mandate of empowering school children to assist other school children still remains firmly intact, and students remain at the centre of all efforts. In fact our thinking and actions are greatly influenced by&nbsp; those who really understand what is needed in the Kenyan schools: the students who attend these schools. We are told through letters received from Kenyan students:</p>\n<blockquote>\n<p>&ldquo;We use latrines which even made us to have different kinds of diseases&hellip; we lost one of our school pupils who was ill because of going to such bad latrines&rdquo;<br /> &mdash;Leah Wanjiru, Student, Kirima-Ngai Primary School - Kenya</p>\n</blockquote>\n<blockquote>\n<p>&ldquo;Our school has over 600 students&hellip; we need about 16 more toilets&rdquo;<br /> &mdash;Japheth Nguura &amp; Lucy Muthoni, Students,&nbsp; Madaraka Primary School - Kenya</p>\n</blockquote>\n<p>The connections between sanitation and education cannot be overlooked. Most aspects of the Kenyan students&rsquo; lives at school are connected in some way to access to basic sanitation. This issue has focussed our direction and ultimately that of our local Ontario students. So serious is their commitment to improving the sanitation conditions in <a href=\"http://connectingcountries.net/?cat=8\">our &ldquo;adopted&rdquo; Kenyan schools</a> that, since 2005 a large contingent of students at <a href=\"http://connectingcountries.net/?cat=7\">various schools within the greater Hamilton area</a> have funded the <a href=\"http://connectingcountries.net/?p=115#more-115\">building of&nbsp;66 sanitation pit latrines</a> and urinals at primary schools within the <a href=\"http://connectingcountries.net/?p=159\">Ol Joro Orok</a> division of Central Kenya.</p>\n<p>In addition, some local classrooms have decided that funding latrines in Kenya would become even more meaningful if they knew more about those who were to use them. What has emerged is a <a href=\"http://connectingcountries.net/?p=117#more-117\">Pen Pal Letter Program</a> where cultural information is exchanged between our students and their counterparts in Kenyan schools.</p>\n<p>Connecting Countries Adopt-a-School continues to empower school children in Kenya and in our local community to become agents for social change. During a recent &ldquo;Character Builds&rdquo; presentation Carissa, one of the two original founding members of this program stated: &ldquo;&hellip;if these children and I can be better focused and learn about ourselves we can improve our lives together and this has to make our worlds better places to live.&rdquo;</p>"}}, {"pk": 2, "model": "pages.richtextpage", "fields": {"content": "<p><em><strong>The latest news on global sanitation, education, and what's going on at Connecting Countries Adopt-A-School.</strong></em></p>"}}, {"pk": 18, "model": "shop.category", "fields": {"price_max": null, "sale": null, "price_min": null, "content": "<p>k</p>", "combined": true, "options": []}}, {"pk": 1, "model": "shop.product", "fields": {"available": true, "short_url": null, "image": "product/red.png", "site": 1, "keywords_string": "", "sale_to": "2015-09-19 17:03:32", "sale_from": "2009-09-19 17:03:32", "title": "Django Pony", "sale_id": 1, "unit_price": "10", "content": "<p>Magic that can't be removed!</p>", "rating_count": 0, "sale_price": "5", "status": 2, "upsell_products": [], "description": "Magic that can't be removed!", "rating_average": 0.0, "related_products": [], "expiry_date": null, "date_added": "2012-01-14 02:01:38", "slug": "django-pony", "categories": [18], "publish_date": "2012-02-06 23:08:58"}}, {"pk": 1, "model": "shop.productimage", "fields": {"product": 1, "_order": 0, "description": "", "file": "product/red.png"}}, {"pk": 2, "model": "shop.productimage", "fields": {"product": 1, "_order": 1, "description": "", "file": "product/yellow.png"}}, {"pk": 3, "model": "shop.productimage", "fields": {"product": 1, "_order": 2, "description": "", "file": "product/green.png"}}, {"pk": 4, "model": "shop.productimage", "fields": {"product": 1, "_order": 3, "description": "", "file": "product/blue.png"}}, {"pk": 1, "model": "shop.productoption", "fields": {"type": 1, "name": "Small"}}, {"pk": 2, "model": "shop.productoption", "fields": {"type": 1, "name": "Medium"}}, {"pk": 3, "model": "shop.productoption", "fields": {"type": 1, "name": "Large"}}, {"pk": 4, "model": "shop.productoption", "fields": {"type": 2, "name": "Red"}}, {"pk": 5, "model": "shop.productoption", "fields": {"type": 2, "name": "Yellow"}}, {"pk": 6, "model": "shop.productoption", "fields": {"type": 2, "name": "Green"}}, {"pk": 7, "model": "shop.productoption", "fields": {"type": 2, "name": "Blue"}}, {"pk": 1, "model": "shop.productvariation", "fields": {"sale_to": "2015-09-19 17:03:32", "sku": "1", "product": 1, "sale_from": "2009-09-19 17:03:32", "default": true, "image": 1, "sale_id": 1, "unit_price": "10", "num_in_stock": null, "sale_price": "5", "option2": "Red", "option1": "Small"}}, {"pk": 2, "model": "shop.productvariation", "fields": {"sale_to": "2015-09-19 17:03:32", "sku": "2", "product": 1, "sale_from": "2009-09-19 17:03:32", "default": false, "image": 1, "sale_id": 1, "unit_price": "10", "num_in_stock": null, "sale_price": "5", "option2": "Red", "option1": "Medium"}}, {"pk": 3, "model": "shop.productvariation", "fields": {"sale_to": "2015-09-19 17:03:32", "sku": "3", "product": 1, "sale_from": "2009-09-19 17:03:32", "default": false, "image": 1, "sale_id": 1, "unit_price": "10", "num_in_stock": null, "sale_price": "5", "option2": "Red", "option1": "Large"}}, {"pk": 4, "model": "shop.productvariation", "fields": {"sale_to": "2015-09-19 17:03:32", "sku": "4", "product": 1, "sale_from": "2009-09-19 17:03:32", "default": false, "image": 2, "sale_id": 1, "unit_price": "10", "num_in_stock": null, "sale_price": "5", "option2": "Yellow", "option1": "Small"}}, {"pk": 5, "model": "shop.productvariation", "fields": {"sale_to": "2015-09-19 17:03:32", "sku": "5", "product": 1, "sale_from": "2009-09-19 17:03:32", "default": false, "image": 2, "sale_id": 1, "unit_price": "10", "num_in_stock": null, "sale_price": "5", "option2": "Yellow", "option1": "Medium"}}, {"pk": 6, "model": "shop.productvariation", "fields": {"sale_to": "2015-09-19 17:03:32", "sku": "6", "product": 1, "sale_from": "2009-09-19 17:03:32", "default": false, "image": 2, "sale_id": 1, "unit_price": "10", "num_in_stock": null, "sale_price": "5", "option2": "Yellow", "option1": "Large"}}, {"pk": 7, "model": "shop.productvariation", "fields": {"sale_to": "2015-09-19 17:03:32", "sku": "7", "product": 1, "sale_from": "2009-09-19 17:03:32", "default": false, "image": 3, "sale_id": 1, "unit_price": "10", "num_in_stock": null, "sale_price": "5", "option2": "Green", "option1": "Small"}}, {"pk": 8, "model": "shop.productvariation", "fields": {"sale_to": "2015-09-19 17:03:32", "sku": "8", "product": 1, "sale_from": "2009-09-19 17:03:32", "default": false, "image": 3, "sale_id": 1, "unit_price": "10", "num_in_stock": null, "sale_price": "5", "option2": "Green", "option1": "Medium"}}, {"pk": 9, "model": "shop.productvariation", "fields": {"sale_to": "2015-09-19 17:03:32", "sku": "9", "product": 1, "sale_from": "2009-09-19 17:03:32", "default": false, "image": 3, "sale_id": 1, "unit_price": "10", "num_in_stock": null, "sale_price": "5", "option2": "Green", "option1": "Large"}}, {"pk": 10, "model": "shop.productvariation", "fields": {"sale_to": "2015-09-19 17:03:32", "sku": "10", "product": 1, "sale_from": "2009-09-19 17:03:32", "default": false, "image": 4, "sale_id": 1, "unit_price": "10", "num_in_stock": null, "sale_price": "5", "option2": "Blue", "option1": "Small"}}, {"pk": 11, "model": "shop.productvariation", "fields": {"sale_to": "2015-09-19 17:03:32", "sku": "11", "product": 1, "sale_from": "2009-09-19 17:03:32", "default": false, "image": 4, "sale_id": 1, "unit_price": "10", "num_in_stock": null, "sale_price": "5", "option2": "Blue", "option1": "Medium"}}, {"pk": 12, "model": "shop.productvariation", "fields": {"sale_to": "2015-09-19 17:03:32", "sku": "12", "product": 1, "sale_from": "2009-09-19 17:03:32", "default": false, "image": 4, "sale_id": 1, "unit_price": "10", "num_in_stock": null, "sale_price": "5", "option2": "Blue", "option1": "Large"}}, {"pk": 1, "model": "shop.order", "fields": {"status": 1, "shipping_detail_country": "f", "additional_instructions": "", "billing_detail_city": "f", "shipping_detail_city": "f", "billing_detail_country": "f", "shipping_detail_phone": "f", "shipping_type": "Flat rate shipping", "total": "15", "shipping_detail_postcode": "f", "billing_detail_phone": "f", "shipping_detail_last_name": "f", "billing_detail_street": "f", "shipping_detail_first_name": "f", "billing_detail_last_name": "f", "discount_code": "", "billing_detail_postcode": "f", "shipping_total": "10", "shipping_detail_state": "f", "item_total": "5", "billing_detail_state": "f", "key": "ccdd689b6c97fd0a93727c8d2bed407d", "user_id": 1, "billing_detail_first_name": "f", "shipping_detail_street": "f", "billing_detail_email": "fa@afa.com", "transaction_id": null, "time": "2012-01-19 01:46:46", "discount_total": null}}, {"pk": 1, "model": "shop.cart", "fields": {"last_updated": "2012-02-09 17:37:43"}}, {"pk": 2, "model": "shop.cart", "fields": {"last_updated": "2012-02-09 17:38:34"}}, {"pk": 1, "model": "shop.orderitem", "fields": {"sku": "6", "total_price": "5", "description": "Django Pony Size: Large, Colour: Yellow", "unit_price": "5", "order": 1, "quantity": 1}}, {"pk": 1, "model": "shop.productaction", "fields": {"timestamp": 734521, "product": 1, "total_purchase": 1, "total_cart": 2}}, {"pk": 2, "model": "shop.productaction", "fields": {"timestamp": 734522, "product": 1, "total_purchase": 0, "total_cart": 1}}, {"pk": 3, "model": "shop.productaction", "fields": {"timestamp": 734528, "product": 1, "total_purchase": 0, "total_cart": 1}}, {"pk": 1, "model": "shop.sale", "fields": {"valid_from": "2009-09-19 17:03:32", "title": "50% off ponies.", "valid_to": "2015-09-19 17:03:32", "products": [1], "categories": [], "discount_percent": "50", "active": true, "discount_exact": null, "discount_deduct": null}}]